Australia,australia@un.int,koalare1@mindspring.com,losangeles@dfat.gov.au
China,chinaembpress_us@mfa.gov.cn,info@chinahouston.org,chinasonsul_san_us@mfa.gov.cn,chinaconsul_chi_us@mfa.gov.cn,chinaconsul_ny_us@mfa.gov.cn
South Korea,consulatehi@mofat.go.kr,webmaster@dynamic-korea.com
South Africa,sacg@southafrica-newyork.net,info.losangeles@foreign.gov.za,ambassador.wahington@foreign.gov.za
Spain,cgspaindc@mail.mae.es,conspneworleans@correo.mae.es,conspainhouston@mail.mae.es,conspainchicago@sbcglobal.net,og.nuevayork@mae.es,conspsfo@mail.mae.es,embespus@mail.mae.es,spain@spainemb.org,consplax@mail.mae.es
Germany,german_consulate_sandiego@yahoo.com,info@los-angeles.diplo.de,info@new-york.diplo.de,info@san-francisco.diplo.de
Turkey,consulate.newyork@mfa.gov.tr,consulate.losangeles@mfa.gov.tr,embassy.washingtondc@mfa.gov.tr
Italy,visti.washington@esteri.it,consolato.losangeles@esteri.it,progettispeciali.losangele@esteri.it,info.newyork@esteri.it,visti.sanfrancisco@esteri.it
Russia,onsul@seanet.com,mail@ruscon.org,russianembassy@mindspring.com,consul@seanet.com
United Kingdom,britishembassyenquiries@gmail.com,
Sweden,ambassaden.washington@foreign.ministry.se
Switzerland,was.info@eda.admin.ch,
Thailand,info@thaicgny.com,thaichicago@ameritech.net
Armenia,armembassy@mfa.am